what,kind,bundleId,bundleVersion,description,time
activated,editor,org.eclipse.wst.html.ui,1.0.602.v201202091936,"org.eclipse.wst.html.core.htmlsource.source",1397610781217
executed,command,org.eclipse.ui,3.7.0.v20110928-1505,"org.eclipse.ui.edit.copy",1397610807764
activated,editor,org.eclipse.wst.html.ui,1.0.602.v201202091936,"org.eclipse.wst.html.core.htmlsource.source",1397610809885
executed,command,org.eclipse.ui,3.7.0.v20110928-1505,"org.eclipse.ui.edit.paste",1397610815643
executed,command,org.eclipse.ui,3.7.0.v20110928-1505,"org.eclipse.ui.file.save",1397610821234
activated,editor,org.eclipse.wst.html.ui,1.0.602.v201202091936,"org.eclipse.wst.html.core.htmlsource.source",1397610867406
activated,editor,org.eclipse.wst.html.ui,1.0.602.v201202091936,"org.eclipse.wst.html.core.htmlsource.source",1397610884985
executed,command,org.eclipse.ui,3.7.0.v20110928-1505,"org.eclipse.ui.edit.undo",1397610887542
executed,command,org.eclipse.ui,3.7.0.v20110928-1505,"org.eclipse.ui.edit.undo",1397610891367
executed,command,org.eclipse.ui,3.7.0.v20110928-1505,"org.eclipse.ui.edit.copy",1397610898535
executed,command,org.eclipse.ui,3.7.0.v20110928-1505,"org.eclipse.ui.edit.paste",1397610901858
executed,command,org.eclipse.ui,3.7.0.v20110928-1505,"org.eclipse.ui.file.save",1397610902239
executed,command,org.eclipse.ui,3.7.0.v20110928-1505,"org.eclipse.ui.file.save",1397610907868
deactivated,workbench,org.eclipse.ui.workbench,3.7.1.v20120104-1859,"",1397610909465
activated,workbench,org.eclipse.ui.workbench,3.7.1.v20120104-1859,"",1397610921402
activated,editor,org.eclipse.wst.html.ui,1.0.602.v201202091936,"org.eclipse.wst.html.core.htmlsource.source",1397610925054
deactivated,workbench,org.eclipse.ui.workbench,3.7.1.v20120104-1859,"",1397610978732
activated,workbench,org.eclipse.ui.workbench,3.7.1.v20120104-1859,"",1397610981102
deactivated,workbench,org.eclipse.ui.workbench,3.7.1.v20120104-1859,"",1397610982586
activated,workbench,org.eclipse.ui.workbench,3.7.1.v20120104-1859,"",1397611066178
activated,editor,org.eclipse.wst.html.ui,1.0.602.v201202091936,"org.eclipse.wst.html.core.htmlsource.source",1397611068293
executed,command,org.eclipse.ui,3.7.0.v20110928-1505,"org.eclipse.ui.file.save",1397611080623
activated,editor,org.eclipse.wst.html.ui,1.0.602.v201202091936,"org.eclipse.wst.html.core.htmlsource.source",1397611086229
executed,command,org.eclipse.ui,3.7.0.v20110928-1505,"org.eclipse.ui.edit.copy",1397611097778
activated,editor,org.eclipse.wst.html.ui,1.0.602.v201202091936,"org.eclipse.wst.html.core.htmlsource.source",1397611100652
executed,command,org.eclipse.ui,3.7.0.v20110928-1505,"org.eclipse.ui.edit.paste",1397611104164
activated,editor,org.eclipse.wst.html.ui,1.0.602.v201202091936,"org.eclipse.wst.html.core.htmlsource.source",1397611109681
executed,command,org.eclipse.ui,3.7.0.v20110928-1505,"org.eclipse.ui.edit.copy",1397611135509
activated,editor,org.eclipse.wst.html.ui,1.0.602.v201202091936,"org.eclipse.wst.html.core.htmlsource.source",1397611137057
executed,command,org.eclipse.ui,3.7.0.v20110928-1505,"org.eclipse.ui.edit.paste",1397611141638
executed,command,org.eclipse.ui,3.7.0.v20110928-1505,"org.eclipse.ui.file.save",1397611142097
executed,command,org.eclipse.ui,3.7.0.v20110928-1505,"org.eclipse.ui.edit.copy",1397611147551
executed,command,org.eclipse.ui,3.7.0.v20110928-1505,"org.eclipse.ui.edit.copy",1397611169526
executed,command,org.eclipse.ui,3.7.0.v20110928-1505,"org.eclipse.ui.edit.paste",1397611171968
executed,command,org.eclipse.ui,3.7.0.v20110928-1505,"org.eclipse.ui.file.save",1397611172765
executed,command,org.eclipse.ui,3.7.0.v20110928-1505,"org.eclipse.ui.file.save",1397611185112
deactivated,workbench,org.eclipse.ui.workbench,3.7.1.v20120104-1859,"",1397611187318
activated,workbench,org.eclipse.ui.workbench,3.7.1.v20120104-1859,"",1397611244606
deactivated,workbench,org.eclipse.ui.workbench,3.7.1.v20120104-1859,"",1397611246095
activated,workbench,org.eclipse.ui.workbench,3.7.1.v20120104-1859,"",1397611298953
deactivated,workbench,org.eclipse.ui.workbench,3.7.1.v20120104-1859,"",1397611301053
activated,workbench,org.eclipse.ui.workbench,3.7.1.v20120104-1859,"",1397611397179
deactivated,workbench,org.eclipse.ui.workbench,3.7.1.v20120104-1859,"",1397611405628
activated,workbench,org.eclipse.ui.workbench,3.7.1.v20120104-1859,"",1397611427732
deactivated,workbench,org.eclipse.ui.workbench,3.7.1.v20120104-1859,"",1397611457319
activated,workbench,org.eclipse.ui.workbench,3.7.1.v20120104-1859,"",1397611469412
deactivated,workbench,org.eclipse.ui.workbench,3.7.1.v20120104-1859,"",1397611496258
activated,workbench,org.eclipse.ui.workbench,3.7.1.v20120104-1859,"",1397611542581
activated,view,org.python.pydev,2.8.2.2013090511,"org.python.pydev.navigator.view",1397611565834
started,bundle,com.google.gwt.eclipse.core,3.5.1.v201312301719-rel-r37,"com.google.gwt.eclipse.core",1397611568863
opened,editor,org.eclipse.wst.css.ui,1.0.601.v201201101544,"org.eclipse.wst.css.core.csssource.source",1397611568981
activated,editor,org.eclipse.wst.css.ui,1.0.601.v201201101544,"org.eclipse.wst.css.core.csssource.source",1397611569022
activated,editor,org.eclipse.wst.html.ui,1.0.602.v201202091936,"org.eclipse.wst.html.core.htmlsource.source",1397611583520
closed,editor,org.eclipse.wst.css.ui,1.0.601.v201201101544,"org.eclipse.wst.css.core.csssource.source",1397611583520
executed,command,org.eclipse.ui,3.7.0.v20110928-1505,"org.eclipse.ui.file.save",1397611598652
deactivated,workbench,org.eclipse.ui.workbench,3.7.1.v20120104-1859,"",1397611610437
activated,workbench,org.eclipse.ui.workbench,3.7.1.v20120104-1859,"",1397611640757
deactivated,workbench,org.eclipse.ui.workbench,3.7.1.v20120104-1859,"",1397611666922
activated,workbench,org.eclipse.ui.workbench,3.7.1.v20120104-1859,"",1397611667840
deactivated,workbench,org.eclipse.ui.workbench,3.7.1.v20120104-1859,"",1397611668288
activated,workbench,org.eclipse.ui.workbench,3.7.1.v20120104-1859,"",1397611670868
deactivated,workbench,org.eclipse.ui.workbench,3.7.1.v20120104-1859,"",1397611671337
activated,workbench,org.eclipse.ui.workbench,3.7.1.v20120104-1859,"",1397611695075
deactivated,workbench,org.eclipse.ui.workbench,3.7.1.v20120104-1859,"",1397611695957
activated,workbench,org.eclipse.ui.workbench,3.7.1.v20120104-1859,"",1397611726842
executed,command,org.eclipse.ui,3.7.0.v20110928-1505,"org.eclipse.ui.file.save",1397611771632
executed,command,org.eclipse.ui,3.7.0.v20110928-1505,"org.eclipse.ui.edit.delete",1397611783985
executed,command,org.eclipse.ui,3.7.0.v20110928-1505,"org.eclipse.ui.edit.delete",1397611784177
executed,command,org.eclipse.ui,3.7.0.v20110928-1505,"org.eclipse.ui.edit.delete",1397611784349
executed,command,org.eclipse.ui,3.7.0.v20110928-1505,"org.eclipse.ui.edit.delete",1397611784753
executed,command,org.eclipse.ui,3.7.0.v20110928-1505,"org.eclipse.ui.file.save",1397611788210
executed,command,org.eclipse.ui,3.7.0.v20110928-1505,"org.eclipse.ui.file.save",1397611792430
deactivated,workbench,org.eclipse.ui.workbench,3.7.1.v20120104-1859,"",1397611794338
activated,workbench,org.eclipse.ui.workbench,3.7.1.v20120104-1859,"",1397612004155
activated,editor,org.eclipse.wst.html.ui,1.0.602.v201202091936,"org.eclipse.wst.html.core.htmlsource.source",1397612008401
deactivated,workbench,org.eclipse.ui.workbench,3.7.1.v20120104-1859,"",1397612039609
activated,workbench,org.eclipse.ui.workbench,3.7.1.v20120104-1859,"",1397612122079
activated,editor,org.eclipse.wst.html.ui,1.0.602.v201202091936,"org.eclipse.wst.html.core.htmlsource.source",1397612180761
deactivated,workbench,org.eclipse.ui.workbench,3.7.1.v20120104-1859,"",1397612188294
activated,workbench,org.eclipse.ui.workbench,3.7.1.v20120104-1859,"",1397612809850
executed,command,org.eclipse.ui,3.7.0.v20110928-1505,"org.eclipse.ui.edit.undo",1397612831858
executed,command,org.eclipse.ui,3.7.0.v20110928-1505,"org.eclipse.ui.edit.undo",1397612832064
executed,command,org.eclipse.ui,3.7.0.v20110928-1505,"org.eclipse.ui.edit.undo",1397612832323
executed,command,org.eclipse.ui,3.7.0.v20110928-1505,"org.eclipse.ui.edit.undo",1397612832549
executed,command,org.eclipse.ui,3.7.0.v20110928-1505,"org.eclipse.ui.edit.undo",1397612832763
executed,command,org.eclipse.ui,3.7.0.v20110928-1505,"org.eclipse.ui.edit.undo",1397612833021
executed,command,org.eclipse.ui,3.7.0.v20110928-1505,"org.eclipse.ui.edit.undo",1397612833224
executed,command,org.eclipse.ui,3.7.0.v20110928-1505,"org.eclipse.ui.edit.undo",1397612833440
executed,command,org.eclipse.ui,3.7.0.v20110928-1505,"org.eclipse.ui.edit.undo",1397612833642
executed,command,org.eclipse.ui,3.7.0.v20110928-1505,"org.eclipse.ui.edit.undo",1397612833861
executed,command,org.eclipse.ui,3.7.0.v20110928-1505,"org.eclipse.ui.edit.undo",1397612834085
executed,command,org.eclipse.ui,3.7.0.v20110928-1505,"org.eclipse.ui.edit.undo",1397612834299
executed,command,org.eclipse.ui,3.7.0.v20110928-1505,"org.eclipse.ui.edit.undo",1397612834534
executed,command,org.eclipse.ui,3.7.0.v20110928-1505,"org.eclipse.ui.edit.undo",1397612834817
executed,command,org.eclipse.ui,3.7.0.v20110928-1505,"org.eclipse.ui.edit.undo",1397612835046
executed,command,org.eclipse.ui,3.7.0.v20110928-1505,"org.eclipse.ui.edit.undo",1397612835754
executed,command,org.eclipse.ui,3.7.0.v20110928-1505,"org.eclipse.ui.edit.undo",1397612836988
executed,command,org.eclipse.ui,3.7.0.v20110928-1505,"org.eclipse.ui.edit.undo",1397612838425
executed,command,org.eclipse.ui,3.7.0.v20110928-1505,"org.eclipse.ui.edit.undo",1397612838638
executed,command,org.eclipse.ui,3.7.0.v20110928-1505,"org.eclipse.ui.edit.undo",1397612838823
executed,command,org.eclipse.ui,3.7.0.v20110928-1505,"org.eclipse.ui.edit.undo",1397612839307
executed,command,org.eclipse.ui,3.7.0.v20110928-1505,"org.eclipse.ui.edit.undo",1397612840013
executed,command,org.eclipse.ui,3.7.0.v20110928-1505,"org.eclipse.ui.edit.undo",1397612840463
executed,command,org.eclipse.ui,3.7.0.v20110928-1505,"org.eclipse.ui.file.save",1397612843363
executed,command,org.eclipse.ui,3.7.0.v20110928-1505,"org.eclipse.ui.file.save",1397612848823
deactivated,workbench,org.eclipse.ui.workbench,3.7.1.v20120104-1859,"",1397612850543
activated,workbench,org.eclipse.ui.workbench,3.7.1.v20120104-1859,"",1397612905445
activated,editor,org.eclipse.wst.html.ui,1.0.602.v201202091936,"org.eclipse.wst.html.core.htmlsource.source",1397612911921
executed,command,org.eclipse.ui,3.7.0.v20110928-1505,"org.eclipse.ui.edit.copy",1397612921936
activated,editor,org.eclipse.wst.html.ui,1.0.602.v201202091936,"org.eclipse.wst.html.core.htmlsource.source",1397612923550
executed,command,org.eclipse.ui,3.7.0.v20110928-1505,"org.eclipse.ui.edit.paste",1397612926621
executed,command,org.eclipse.ui,3.7.0.v20110928-1505,"org.eclipse.ui.file.save",1397612926860
deactivated,workbench,org.eclipse.ui.workbench,3.7.1.v20120104-1859,"",1397612935679
activated,workbench,org.eclipse.ui.workbench,3.7.1.v20120104-1859,"",1397612955795
executed,command,org.eclipse.ui,3.7.0.v20110928-1505,"org.eclipse.ui.edit.copy",1397612995777
executed,command,org.eclipse.ui,3.7.0.v20110928-1505,"org.eclipse.ui.edit.paste",1397612998013
executed,command,org.eclipse.ui,3.7.0.v20110928-1505,"org.eclipse.ui.file.save",1397612998270
deactivated,workbench,org.eclipse.ui.workbench,3.7.1.v20120104-1859,"",1397613001849
activated,workbench,org.eclipse.ui.workbench,3.7.1.v20120104-1859,"",1397613121073
executed,command,org.eclipse.ui,3.7.0.v20110928-1505,"org.eclipse.ui.edit.undo",1397613152318
executed,command,org.eclipse.ui,3.7.0.v20110928-1505,"org.eclipse.ui.edit.undo",1397613152537
executed,command,org.eclipse.ui,3.7.0.v20110928-1505,"org.eclipse.ui.edit.undo",1397613152783
executed,command,org.eclipse.ui,3.7.0.v20110928-1505,"org.eclipse.ui.edit.undo",1397613153049
executed,command,org.eclipse.ui,3.7.0.v20110928-1505,"org.eclipse.ui.edit.undo",1397613153252
executed,command,org.eclipse.ui,3.7.0.v20110928-1505,"org.eclipse.ui.edit.undo",1397613153522
executed,command,org.eclipse.ui,3.7.0.v20110928-1505,"org.eclipse.ui.edit.undo",1397613154151
executed,command,org.eclipse.ui,3.7.0.v20110928-1505,"org.eclipse.ui.edit.undo",1397613154806
executed,command,org.eclipse.ui,3.7.0.v20110928-1505,"org.eclipse.ui.edit.undo",1397613154970
executed,command,org.eclipse.ui,3.7.0.v20110928-1505,"org.eclipse.ui.edit.undo",1397613155220
executed,command,org.eclipse.ui,3.7.0.v20110928-1505,"org.eclipse.ui.edit.undo",1397613155975
executed,command,org.eclipse.ui,3.7.0.v20110928-1505,"org.eclipse.ui.file.save",1397613162568
executed,command,org.eclipse.ui,3.7.0.v20110928-1505,"org.eclipse.ui.edit.text.contentAssist.proposals",1397613177729
executed,command,org.eclipse.ui,3.7.0.v20110928-1505,"org.eclipse.ui.edit.copy",1397613186023
executed,command,org.eclipse.ui,3.7.0.v20110928-1505,"org.eclipse.ui.edit.paste",1397613188109
executed,command,org.eclipse.ui,3.7.0.v20110928-1505,"org.eclipse.ui.file.save",1397613188433
activated,editor,org.eclipse.wst.html.ui,1.0.602.v201202091936,"org.eclipse.wst.html.core.htmlsource.source",1397613218630
executed,command,org.eclipse.ui,3.7.0.v20110928-1505,"org.eclipse.ui.edit.copy",1397613220103
activated,editor,org.eclipse.wst.html.ui,1.0.602.v201202091936,"org.eclipse.wst.html.core.htmlsource.source",1397613221628
activated,editor,org.eclipse.wst.html.ui,1.0.602.v201202091936,"org.eclipse.wst.html.core.htmlsource.source",1397613225069
executed,command,org.eclipse.ui,3.7.0.v20110928-1505,"org.eclipse.ui.edit.paste",1397613227510
executed,command,org.eclipse.ui,3.7.0.v20110928-1505,"org.eclipse.ui.file.save",1397613227797
executed,command,org.eclipse.ui,3.7.0.v20110928-1505,"org.eclipse.ui.edit.copy",1397613238197
executed,command,org.eclipse.ui,3.7.0.v20110928-1505,"org.eclipse.ui.edit.paste",1397613240809
executed,command,org.eclipse.ui,3.7.0.v20110928-1505,"org.eclipse.ui.file.save",1397613241095
deactivated,workbench,org.eclipse.ui.workbench,3.7.1.v20120104-1859,"",1397613249579
activated,workbench,org.eclipse.ui.workbench,3.7.1.v20120104-1859,"",1397613707822
executed,command,org.eclipse.ui,3.7.0.v20110928-1505,"org.eclipse.ui.file.save",1397613719781
executed,command,org.eclipse.ui,3.7.0.v20110928-1505,"org.eclipse.ui.edit.text.contentAssist.proposals",1397613729884
executed,command,org.eclipse.ui,3.7.0.v20110928-1505,"org.eclipse.ui.edit.text.contentAssist.proposals",1397613740596
executed,command,org.eclipse.ui,3.7.0.v20110928-1505,"org.eclipse.ui.edit.copy",1397613744097
executed,command,org.eclipse.ui,3.7.0.v20110928-1505,"org.eclipse.ui.edit.paste",1397613746542
executed,command,org.eclipse.ui,3.7.0.v20110928-1505,"org.eclipse.ui.edit.text.contentAssist.proposals",1397613752727
executed,command,org.eclipse.ui.workbench.texteditor,3.7.0.v20110928-1504,"org.eclipse.ui.edit.text.select.wordNext",1397613754387
executed,command,org.eclipse.ui,3.7.0.v20110928-1505,"org.eclipse.ui.edit.text.contentAssist.proposals",1397613755732
executed,command,org.eclipse.ui,3.7.0.v20110928-1505,"org.eclipse.ui.edit.text.contentAssist.proposals",1397613759189
executed,command,org.eclipse.ui,3.7.0.v20110928-1505,"org.eclipse.ui.edit.copy",1397613763082
executed,command,org.eclipse.ui,3.7.0.v20110928-1505,"org.eclipse.ui.edit.paste",1397613764867
executed,command,org.eclipse.ui,3.7.0.v20110928-1505,"org.eclipse.ui.file.save",1397613767355
deactivated,workbench,org.eclipse.ui.workbench,3.7.1.v20120104-1859,"",1397613767708
activated,workbench,org.eclipse.ui.workbench,3.7.1.v20120104-1859,"",1397613776261
executed,command,org.eclipse.ui,3.7.0.v20110928-1505,"org.eclipse.ui.edit.copy",1397613809988
executed,command,org.eclipse.ui,3.7.0.v20110928-1505,"org.eclipse.ui.edit.paste",1397613820605
executed,command,org.eclipse.ui,3.7.0.v20110928-1505,"org.eclipse.ui.file.save",1397613821793
deactivated,workbench,org.eclipse.ui.workbench,3.7.1.v20120104-1859,"",1397613822273
activated,workbench,org.eclipse.ui.workbench,3.7.1.v20120104-1859,"",1397613917258
executed,command,org.eclipse.ui,3.7.0.v20110928-1505,"org.eclipse.ui.file.save",1397613926736
deactivated,workbench,org.eclipse.ui.workbench,3.7.1.v20120104-1859,"",1397613928066
activated,workbench,org.eclipse.ui.workbench,3.7.1.v20120104-1859,"",1397614033995
activated,editor,org.eclipse.wst.html.ui,1.0.602.v201202091936,"org.eclipse.wst.html.core.htmlsource.source",1397614040304
activated,editor,org.eclipse.wst.html.ui,1.0.602.v201202091936,"org.eclipse.wst.html.core.htmlsource.source",1397614042655
closed,editor,org.eclipse.wst.html.ui,1.0.602.v201202091936,"org.eclipse.wst.html.core.htmlsource.source",1397614042655
closed,editor,org.eclipse.wst.html.ui,1.0.602.v201202091936,"org.eclipse.wst.html.core.htmlsource.source",1397614044414
closed,editor,org.eclipse.wst.html.ui,1.0.602.v201202091936,"org.eclipse.wst.html.core.htmlsource.source",1397614046355
activated,editor,org.eclipse.wst.html.ui,1.0.602.v201202091936,"org.eclipse.wst.html.core.htmlsource.source",1397614047875
deactivated,workbench,org.eclipse.ui.workbench,3.7.1.v20120104-1859,"",1397614056240
activated,workbench,org.eclipse.ui.workbench,3.7.1.v20120104-1859,"",1397614059329
deactivated,workbench,org.eclipse.ui.workbench,3.7.1.v20120104-1859,"",1397614067868
activated,workbench,org.eclipse.ui.workbench,3.7.1.v20120104-1859,"",1397614122357
activated,editor,org.eclipse.wst.html.ui,1.0.602.v201202091936,"org.eclipse.wst.html.core.htmlsource.source",1397614132736
deactivated,workbench,org.eclipse.ui.workbench,3.7.1.v20120104-1859,"",1397614149436
activated,workbench,org.eclipse.ui.workbench,3.7.1.v20120104-1859,"",1397614223927
activated,editor,org.python.pydev,2.8.2.2013090511,"org.python.pydev.editor.PythonEditor",1397614227481
deactivated,workbench,org.eclipse.ui.workbench,3.7.1.v20120104-1859,"",1397614371283
activated,workbench,org.eclipse.ui.workbench,3.7.1.v20120104-1859,"",1397614493628
executed,command,org.eclipse.ui,3.7.0.v20110928-1505,"org.eclipse.ui.file.save",1397614560368
executed,command,org.eclipse.ui,3.7.0.v20110928-1505,"org.eclipse.ui.file.save",1397614564781
deactivated,workbench,org.eclipse.ui.workbench,3.7.1.v20120104-1859,"",1397614565751
activated,workbench,org.eclipse.ui.workbench,3.7.1.v20120104-1859,"",1397614625118
deactivated,workbench,org.eclipse.ui.workbench,3.7.1.v20120104-1859,"",1397614658903
activated,workbench,org.eclipse.ui.workbench,3.7.1.v20120104-1859,"",1397614691661
deactivated,workbench,org.eclipse.ui.workbench,3.7.1.v20120104-1859,"",1397614734454
activated,workbench,org.eclipse.ui.workbench,3.7.1.v20120104-1859,"",1397614738063
executed,command,org.eclipse.ui,3.7.0.v20110928-1505,"org.eclipse.ui.edit.copy",1397614776515
executed,command,org.eclipse.ui,3.7.0.v20110928-1505,"org.eclipse.ui.edit.paste",1397614779166
executed,command,org.eclipse.ui,3.7.0.v20110928-1505,"org.eclipse.ui.edit.copy",1397614784726
executed,command,org.eclipse.ui,3.7.0.v20110928-1505,"org.eclipse.ui.edit.text.contentAssist.proposals",1397614789071
executed,command,org.eclipse.ui,3.7.0.v20110928-1505,"org.eclipse.ui.edit.text.contentAssist.proposals",1397614799060
executed,command,org.eclipse.ui,3.7.0.v20110928-1505,"org.eclipse.ui.edit.copy",1397614813110
executed,command,org.eclipse.ui,3.7.0.v20110928-1505,"org.eclipse.ui.edit.paste",1397614815311
activated,view,org.python.pydev,2.8.2.2013090511,"org.python.pydev.navigator.view",1397614819890
opened,editor,org.python.pydev,2.8.2.2013090511,"org.python.pydev.editor.PythonEditor",1397614826360
activated,editor,org.python.pydev,2.8.2.2013090511,"org.python.pydev.editor.PythonEditor",1397614826384
executed,command,org.eclipse.ui,3.7.0.v20110928-1505,"org.eclipse.ui.edit.copy",1397614859571
activated,editor,org.python.pydev,2.8.2.2013090511,"org.python.pydev.editor.PythonEditor",1397614860785
executed,command,org.eclipse.ui,3.7.0.v20110928-1505,"org.eclipse.ui.edit.paste",1397614861390
executed,command,org.eclipse.ui,3.7.0.v20110928-1505,"org.eclipse.ui.edit.text.contentAssist.proposals",1397614901655
executed,command,org.eclipse.ui,3.7.0.v20110928-1505,"org.eclipse.ui.edit.text.contentAssist.proposals",1397614909756
executed,command,org.eclipse.ui,3.7.0.v20110928-1505,"org.eclipse.ui.edit.text.contentAssist.proposals",1397614919075
executed,command,org.eclipse.ui,3.7.0.v20110928-1505,"org.eclipse.ui.edit.paste",1397614923108
executed,command,org.eclipse.ui,3.7.0.v20110928-1505,"org.eclipse.ui.file.save",1397614931782
executed,command,org.eclipse.ui,3.7.0.v20110928-1505,"org.eclipse.ui.edit.delete",1397614949928
executed,command,org.eclipse.ui,3.7.0.v20110928-1505,"org.eclipse.ui.edit.delete",1397614950052
executed,command,org.eclipse.ui,3.7.0.v20110928-1505,"org.eclipse.ui.file.save",1397614954880
executed,command,org.eclipse.ui,3.7.0.v20110928-1505,"org.eclipse.ui.edit.text.contentAssist.proposals",1397614983415
executed,command,org.eclipse.ui,3.7.0.v20110928-1505,"org.eclipse.ui.edit.text.contentAssist.proposals",1397614995194
executed,command,org.eclipse.ui,3.7.0.v20110928-1505,"org.eclipse.ui.edit.text.contentAssist.proposals",1397615000885
executed,command,org.eclipse.ui,3.7.0.v20110928-1505,"org.eclipse.ui.edit.text.contentAssist.proposals",1397615004949
executed,command,org.eclipse.ui,3.7.0.v20110928-1505,"org.eclipse.ui.edit.paste",1397615007325
executed,command,org.eclipse.ui,3.7.0.v20110928-1505,"org.eclipse.ui.file.save",1397615011764
executed,command,org.eclipse.ui,3.7.0.v20110928-1505,"org.eclipse.ui.edit.text.contentAssist.proposals",1397615022048
executed,command,org.eclipse.ui,3.7.0.v20110928-1505,"org.eclipse.ui.edit.text.contentAssist.proposals",1397615042786
activated,editor,org.python.pydev,2.8.2.2013090511,"org.python.pydev.editor.PythonEditor",1397615053522
activated,editor,org.python.pydev,2.8.2.2013090511,"org.python.pydev.editor.PythonEditor",1397615059002
executed,command,org.eclipse.ui,3.7.0.v20110928-1505,"org.eclipse.ui.file.save",1397615063858
executed,command,org.eclipse.ui,3.7.0.v20110928-1505,"org.eclipse.ui.edit.text.contentAssist.proposals",1397615071528
executed,command,org.eclipse.ui,3.7.0.v20110928-1505,"org.eclipse.ui.edit.text.contentAssist.proposals",1397615075054
executed,command,org.eclipse.ui,3.7.0.v20110928-1505,"org.eclipse.ui.file.save",1397615080132
deactivated,workbench,org.eclipse.ui.workbench,3.7.1.v20120104-1859,"",1397615081130
activated,workbench,org.eclipse.ui.workbench,3.7.1.v20120104-1859,"",1397615097586
executed,command,org.eclipse.ui,3.7.0.v20110928-1505,"org.eclipse.ui.edit.text.contentAssist.proposals",1397615107716
executed,command,org.eclipse.ui,3.7.0.v20110928-1505,"org.eclipse.ui.file.save",1397615118898
deactivated,workbench,org.eclipse.ui.workbench,3.7.1.v20120104-1859,"",1397615140861
activated,workbench,org.eclipse.ui.workbench,3.7.1.v20120104-1859,"",1397615152771
executed,command,org.eclipse.ui.workbench.texteditor,3.7.0.v20110928-1504,"org.eclipse.ui.edit.text.select.wordPrevious",1397615213217
executed,command,org.eclipse.ui.workbench.texteditor,3.7.0.v20110928-1504,"org.eclipse.ui.edit.text.select.wordPrevious",1397615213401
executed,command,org.eclipse.ui.workbench.texteditor,3.7.0.v20110928-1504,"org.eclipse.ui.edit.text.select.wordPrevious",1397615213623
executed,command,org.eclipse.ui.workbench.texteditor,3.7.0.v20110928-1504,"org.eclipse.ui.edit.text.select.wordPrevious",1397615213994
executed,command,org.eclipse.ui,3.7.0.v20110928-1505,"org.eclipse.ui.file.save",1397615220315
executed,command,org.eclipse.ui,3.7.0.v20110928-1505,"org.eclipse.ui.edit.copy",1397615243621
executed,command,org.eclipse.ui,3.7.0.v20110928-1505,"org.eclipse.ui.edit.paste",1397615245460
executed,command,org.eclipse.ui,3.7.0.v20110928-1505,"org.eclipse.ui.edit.copy",1397615250306
executed,command,org.eclipse.ui,3.7.0.v20110928-1505,"org.eclipse.ui.edit.paste",1397615254071
executed,command,org.eclipse.ui,3.7.0.v20110928-1505,"org.eclipse.ui.file.save",1397615254355
executed,command,org.eclipse.ui,3.7.0.v20110928-1505,"org.eclipse.ui.edit.text.contentAssist.proposals",1397615275132
executed,command,org.eclipse.ui,3.7.0.v20110928-1505,"org.eclipse.ui.edit.text.contentAssist.proposals",1397615297259
executed,command,org.eclipse.ui,3.7.0.v20110928-1505,"org.eclipse.ui.file.save",1397615364362
deactivated,workbench,org.eclipse.ui.workbench,3.7.1.v20120104-1859,"",1397615366148
activated,workbench,org.eclipse.ui.workbench,3.7.1.v20120104-1859,"",1397615429231
executed,command,org.eclipse.ui,3.7.0.v20110928-1505,"org.eclipse.ui.edit.text.contentAssist.proposals",1397615440960
executed,command,org.eclipse.ui,3.7.0.v20110928-1505,"org.eclipse.ui.edit.cut",1397615454837
executed,command,org.eclipse.ui,3.7.0.v20110928-1505,"org.eclipse.ui.edit.paste",1397615457957
executed,command,org.eclipse.ui,3.7.0.v20110928-1505,"org.eclipse.ui.edit.text.contentAssist.proposals",1397615471786
activated,editor,org.python.pydev,2.8.2.2013090511,"org.python.pydev.editor.PythonEditor",1397615484221
activated,editor,org.python.pydev,2.8.2.2013090511,"org.python.pydev.editor.PythonEditor",1397615488531
executed,command,org.eclipse.ui,3.7.0.v20110928-1505,"org.eclipse.ui.edit.cut",1397615521606
executed,command,org.eclipse.ui,3.7.0.v20110928-1505,"org.eclipse.ui.edit.paste",1397615526728
started,bundle,com.google.gdt.eclipse.platform.shared,3.5.1.v201312301719-rel-r37,"com.google.gdt.eclipse.platform.shared",1397615564827
deactivated,workbench,org.eclipse.ui.workbench,3.7.1.v20120104-1859,"",1397615567530
activated,workbench,org.eclipse.ui.workbench,3.7.1.v20120104-1859,"",1397615568871
executed,command,com.python.pydev.refactoring,2.8.2.2013090511,"org.python.pydev.refactoring.ui.actions.RenameCommand",1397615568959
deactivated,workbench,org.eclipse.ui.workbench,3.7.1.v20120104-1859,"",1397615569243
activated,workbench,org.eclipse.ui.workbench,3.7.1.v20120104-1859,"",1397615583275
executed,command,org.eclipse.ui,3.7.0.v20110928-1505,"org.eclipse.ui.edit.text.contentAssist.proposals",1397615595391
executed,command,org.eclipse.ui,3.7.0.v20110928-1505,"org.eclipse.ui.edit.text.contentAssist.proposals",1397615610495
executed,command,org.eclipse.ui,3.7.0.v20110928-1505,"org.eclipse.ui.edit.text.contentAssist.proposals",1397615618236
executed,command,org.eclipse.ui,3.7.0.v20110928-1505,"org.eclipse.ui.file.save",1397615625246
executed,command,org.eclipse.ui,3.7.0.v20110928-1505,"org.eclipse.ui.edit.text.contentAssist.proposals",1397615637896
executed,command,org.eclipse.ui,3.7.0.v20110928-1505,"org.eclipse.ui.edit.text.contentAssist.proposals",1397615649071
executed,command,org.eclipse.ui,3.7.0.v20110928-1505,"org.eclipse.ui.edit.text.contentAssist.proposals",1397615661648
executed,command,org.eclipse.ui,3.7.0.v20110928-1505,"org.eclipse.ui.file.save",1397615664922
executed,command,org.eclipse.ui,3.7.0.v20110928-1505,"org.eclipse.ui.edit.copy",1397615692350
executed,command,org.eclipse.ui,3.7.0.v20110928-1505,"org.eclipse.ui.edit.paste",1397615695602
executed,command,org.eclipse.ui,3.7.0.v20110928-1505,"org.eclipse.ui.edit.paste",1397615698723
executed,command,org.eclipse.ui,3.7.0.v20110928-1505,"org.eclipse.ui.file.save",1397615699025
deactivated,workbench,org.eclipse.ui.workbench,3.7.1.v20120104-1859,"",1397615701514
